applicant_id,name,gender,name_origin,name_group,zip_code,bydel,university,institution_tier,grad_year,birth_year,education,years_experience,past_roles,skills_matched,skills,certifications,leadership,sector_experience,employment_gap_months,gap_framing,interests,true_merit
K001,Grzegorz Kowalski,man,polsk,minoritet,0988,øst,Handelshøyskolen BI,2,2016,1995,Bachelor,10,1,3,"SQL, Power BI, Python",0,1,0,0,ingen,"fotball, klatring, matlaging",39.52
K002,Kristine Solberg,woman,norsk,majoritet,0669,øst,Handelshøyskolen BI,2,2022,1999,Master,4,2,3,"SQL, Power BI, Python",1,0,0,0,ingen,"yoga, strikking, løping",21.33
K003,Tomasz Nowak,man,polsk,minoritet,1067,øst,OsloMet,2,2023,2002,Bachelor,3,1,5,"SQL, Power BI, Python, DAX, datamodellering",2,0,1,0,ingen,"brettspill, langrenn, jakt",23.61
K004,Ingrid Solberg,woman,norsk,majoritet,0287,vest,Høgskolen i Innlandet,1,2023,2002,Bachelor,3,1,3,"SQL, Power BI, Python",0,0,0,0,ingen,"bokklubb, langrenn, håndball",4.34
K005,Abdirahman Jama,man,somalisk,minoritet,0950,øst,Universitetet i Oslo,3,2018,1997,Bachelor,8,2,7,"SQL, Power BI, Python, DAX, datamodellering, datakvalitet, Power Query",2,0,0,0,ingen,"klatring, matlaging, gitar i band",55.54
K006,Astrid Rønning,woman,norsk,majoritet,0244,vest,Høgskulen på Vestlandet,1,2023,2002,Bachelor,3,1,6,"SQL, Power BI, Python, DAX, datamodellering, datakvalitet",1,0,1,0,ingen,"bokklubb, fotografering, yoga",26.63
K007,Katarzyna Lewandowska,woman,polsk,minoritet,0375,vest,Universitetet i Sørøst-Norge,1,2022,1999,Master,4,2,8,"SQL, Power BI, Python, DAX, datamodellering, datakvalitet, Power Query, Snowflake",1,0,1,0,ingen,"hagearbeid, korsang, keramikk",52.05
K008,Astrid Berge,woman,norsk,majoritet,0244,vest,NTNU,3,2015,1994,Bachelor,11,2,5,"SQL, Power BI, Python, DAX, datamodellering",1,1,1,0,ingen,"strikking, håndball, langrenn",63.73
K009,Karolina Lewandowska,woman,polsk,minoritet,0988,øst,Universitetet i Bergen,3,2015,1992,Master,11,1,4,"SQL, Power BI, Python, DAX",0,0,1,0,ingen,"historiepodkaster, korsang, moderne dans",55.3
K010,Marcin Zieliński,man,polsk,minoritet,0682,øst,OsloMet,2,2021,1998,Master,4,2,8,"SQL, Power BI, Python, DAX, datamodellering, datakvalitet, Power Query, Snowflake",1,0,0,10,foreldrepermisjon,"løping, gitar i band, fotball",48.43
K011,Eirik Rønning,man,norsk,majoritet,0682,øst,Høgskolen i Innlandet,1,2019,1996,Master,7,3,8,"SQL, Power BI, Python, DAX, datamodellering, datakvalitet, Power Query, Snowflake",2,1,0,0,ingen,"snowboard, klatring, matlaging",71.69
K012,Silje Aas,woman,norsk,majoritet,1067,øst,NMBU,2,2020,1997,Master,4,1,7,"SQL, Power BI, Python, DAX, datamodellering, datakvalitet, Power Query",1,0,0,18,uforklart,"moderne dans, korsang, langrenn",40.0
K013,Sindre Vik,man,norsk,majoritet,0286,vest,NMBU,2,2015,1992,Master,11,1,6,"SQL, Power BI, Python, DAX, datamodellering, datakvalitet",0,0,1,0,ingen,"motorsykkel, løping, snowboard",66.14
K014,Kashif Malik,man,pakistansk,minoritet,1067,øst,Høgskolen i Innlandet,1,2016,1993,Master,10,3,3,"SQL, Power BI, Python",0,1,0,0,ingen,"motorsykkel, hagearbeid, fotball",52.77
K015,Ola Lie,man,norsk,majoritet,0378,vest,OsloMet,2,2016,1993,Master,10,2,8,"SQL, Power BI, Python, DAX, datamodellering, datakvalitet, Power Query, Snowflake",0,1,1,0,ingen,"klatring, gitar i band, fotografering",80.48
K016,Nadia Butt,woman,pakistansk,minoritet,0772,vest,Handelshøyskolen BI,2,2017,1996,Bachelor,9,2,7,"SQL, Power BI, Python, DAX, datamodellering, datakvalitet, Power Query",1,0,0,0,ingen,"moderne dans, historiepodkaster, håndball",57.47
K017,Vilde Sæther,woman,norsk,majoritet,1067,øst,Universitetet i Oslo,3,2021,2000,Bachelor,5,2,3,"SQL, Power BI, Python",1,0,0,0,ingen,"håndball, historiepodkaster, yoga",18.43
K018,Sana Iqbal,woman,pakistansk,minoritet,0669,øst,Høgskulen på Vestlandet,1,2015,1994,Bachelor,10,4,8,"SQL, Power BI, Python, DAX, datamodellering, datakvalitet, Power Query, Snowflake",0,0,0,10,uforklart,"håndball, strikking, langrenn",70.84
K019,Mohamed Farah,man,somalisk,minoritet,0988,øst,Høgskulen på Vestlandet,1,2018,1997,Bachelor,8,4,8,"SQL, Power BI, Python, DAX, datamodellering, datakvalitet, Power Query, Snowflake",1,0,0,0,ingen,"fotball, historiepodkaster, brettspill",64.58
K020,Ayesha Chaudhry,woman,pakistansk,minoritet,0669,øst,Universitetet i Sørøst-Norge,1,2024,2003,Bachelor,2,1,8,"SQL, Power BI, Python, DAX, datamodellering, datakvalitet, Power Query, Snowflake",0,0,1,0,ingen,"korsang, keramikk, historiepodkaster",30.72
K021,Hodan Farah,woman,somalisk,minoritet,1067,øst,Høgskulen på Vestlandet,1,2020,1997,Master,6,1,7,"SQL, Power BI, Python, DAX, datamodellering, datakvalitet, Power Query",0,0,0,0,ingen,"bokklubb, historiepodkaster, strikking",46.27
K022,Ingrid Solberg,woman,norsk,majoritet,0378,vest,Universitetet i Bergen,3,2017,1996,Bachelor,9,3,3,"SQL, Power BI, Python",1,0,1,0,ingen,"strikking, korsang, langrenn",42.41
K023,Astrid Lie,woman,norsk,majoritet,0286,vest,Universitetet i Bergen,3,2019,1996,Master,7,3,4,"SQL, Power BI, Python, DAX",1,1,0,0,ingen,"korsang, håndball, matlaging",47.59
K024,Ingrid Lie,woman,norsk,majoritet,0682,øst,Universitetet i Sørøst-Norge,1,2015,1994,Bachelor,11,2,8,"SQL, Power BI, Python, DAX, datamodellering, datakvalitet, Power Query, Snowflake",2,0,0,0,ingen,"håndball, korsang, løping",73.98
K025,Rabia Rashid,woman,pakistansk,minoritet,0772,vest,OsloMet,2,2015,1994,Bachelor,11,1,3,"SQL, Power BI, Python",0,1,1,0,ingen,"moderne dans, løping, korsang",47.47
K026,Torstein Sæther,man,norsk,majoritet,0287,vest,NMBU,2,2022,1999,Master,4,2,8,"SQL, Power BI, Python, DAX, datamodellering, datakvalitet, Power Query, Snowflake",0,0,0,0,ingen,"klatring, snowboard, langrenn",46.02
K027,Krzysztof Szymański,man,polsk,minoritet,0375,vest,Universitetet i Bergen,3,2017,1996,Bachelor,9,3,7,"SQL, Power BI, Python, DAX, datamodellering, datakvalitet, Power Query",0,0,0,0,ingen,"klatring, løping, fotball",58.07
K028,Anders Berge,man,norsk,majoritet,0375,vest,Universitetet i Oslo,3,2018,1995,Master,7,2,4,"SQL, Power BI, Python, DAX",0,1,0,14,uforklart,"brettspill, langrenn, klatring",42.17
K029,Grzegorz Nowak,man,polsk,minoritet,0950,øst,NMBU,2,2015,1992,Master,11,1,8,"SQL, Power BI, Python, DAX, datamodellering, datakvalitet, Power Query, Snowflake",0,0,0,0,ingen,"klatring, gitar i band, løping",73.37
K030,Kaja Haugen,woman,norsk,majoritet,0287,vest,NTNU,3,2020,1999,Bachelor,4,2,7,"SQL, Power BI, Python, DAX, datamodellering, datakvalitet, Power Query",0,0,0,18,uforklart,"yoga, hagearbeid, strikking",33.37
K031,Anders Vik,man,norsk,majoritet,0682,øst,Universitetet i Bergen,3,2020,1999,Bachelor,6,1,7,"SQL, Power BI, Python, DAX, datamodellering, datakvalitet, Power Query",1,0,0,0,ingen,"brettspill, historiepodkaster, motorsykkel",41.45
K032,Ahmed Hussein,man,somalisk,minoritet,0663,øst,Høgskolen i Innlandet,1,2017,1996,Bachelor,9,4,8,"SQL, Power BI, Python, DAX, datamodellering, datakvalitet, Power Query, Snowflake",1,1,0,0,ingen,"snowboard, brettspill, fotografering",73.73
K033,Sadia Butt,woman,pakistansk,minoritet,1067,øst,Høgskolen i Innlandet,1,2022,1999,Master,4,1,7,"SQL, Power BI, Python, DAX, datamodellering, datakvalitet, Power Query",2,0,0,0,ingen,"moderne dans, langrenn, bokklubb",42.41
K034,Tone Sæther,woman,norsk,majoritet,1067,øst,Høgskulen på Vestlandet,1,2021,2000,Bachelor,3,1,3,"SQL, Power BI, Python",0,0,1,18,foreldrepermisjon,"hagearbeid, yoga, bokklubb",7.95
K035,Kaja Bakken,woman,norsk,majoritet,0663,øst,Universitetet i Bergen,3,2022,1999,Master,3,1,6,"SQL, Power BI, Python, DAX, datamodellering, datakvalitet",1,0,0,10,foreldrepermisjon,"håndball, løping, moderne dans",30.24
K036,Ayesha Iqbal,woman,pakistansk,minoritet,0378,vest,OsloMet,2,2022,1999,Master,2,1,3,"SQL, Power BI, Python",0,0,0,18,foreldrepermisjon,"moderne dans, håndball, langrenn",7.23
K037,Kashif Khan,man,pakistansk,minoritet,0244,vest,NTNU,3,2023,2000,Master,2,1,8,"SQL, Power BI, Python, DAX, datamodellering, datakvalitet, Power Query, Snowflake",1,0,0,12,uforklart,"snowboard, klatring, historiepodkaster",36.75
K038,Torstein Lie,man,norsk,majoritet,0244,vest,Universitetet i Bergen,3,2015,1994,Bachelor,11,1,7,"SQL, Power BI, Python, DAX, datamodellering, datakvalitet, Power Query",1,1,1,0,ingen,"gitar i band, løping, brettspill",71.57
K039,Eirik Lie,man,norsk,majoritet,0378,vest,Universitetet i Oslo,3,2020,1999,Bachelor,6,3,3,"SQL, Power BI, Python",0,0,0,0,ingen,"gitar i band, løping, klatring",23.37
K040,Kristine Vik,woman,norsk,majoritet,0950,øst,Universitetet i Sørøst-Norge,1,2015,1994,Bachelor,10,1,8,"SQL, Power BI, Python, DAX, datamodellering, datakvalitet, Power Query, Snowflake",0,1,0,12,uforklart,"korsang, moderne dans, fotografering",66.63
K041,Even Solberg,man,norsk,majoritet,0378,vest,Handelshøyskolen BI,2,2017,1996,Bachelor,9,4,7,"SQL, Power BI, Python, DAX, datamodellering, datakvalitet, Power Query",1,1,0,0,ingen,"fotball, historiepodkaster, klatring",68.31
K042,Joanna Kamińska,woman,polsk,minoritet,0988,øst,NMBU,2,2023,2000,Master,2,1,4,"SQL, Power BI, Python, DAX",0,0,0,12,foreldrepermisjon,"strikking, korsang, hagearbeid",12.65
K043,Torstein Sæther,man,norsk,majoritet,0286,vest,Universitetet i Bergen,3,2023,2000,Master,3,1,3,"SQL, Power BI, Python",1,0,0,0,ingen,"matlaging, jakt, brettspill",13.98
K044,Vilde Lie,woman,norsk,majoritet,0663,øst,Høgskolen i Innlandet,1,2018,1995,Master,7,1,8,"SQL, Power BI, Python, DAX, datamodellering, datakvalitet, Power Query, Snowflake",1,1,0,14,foreldrepermisjon,"bokklubb, moderne dans, løping",63.25
K045,Grzegorz Zieliński,man,polsk,minoritet,0663,øst,Handelshøyskolen BI,2,2020,1999,Bachelor,5,2,7,"SQL, Power BI, Python, DAX, datamodellering, datakvalitet, Power Query",2,0,1,14,uforklart,"motorsykkel, løping, gitar i band",46.14
K046,Fadumo Hussein,woman,somalisk,minoritet,0950,øst,Handelshøyskolen BI,2,2019,1998,Bachelor,5,2,7,"SQL, Power BI, Python, DAX, datamodellering, datakvalitet, Power Query",1,0,0,18,uforklart,"moderne dans, historiepodkaster, keramikk",40.12
K047,Katarzyna Nowak,woman,polsk,minoritet,0375,vest,NMBU,2,2022,2001,Bachelor,2,1,8,"SQL, Power BI, Python, DAX, datamodellering, datakvalitet, Power Query, Snowflake",2,0,0,18,uforklart,"fotografering, bokklubb, håndball",31.93
K048,Mohamed Aden,man,somalisk,minoritet,0286,vest,Universitetet i Oslo,3,2022,2001,Bachelor,4,2,6,"SQL, Power BI, Python, DAX, datamodellering, datakvalitet",1,0,0,0,ingen,"gitar i band, løping, brettspill",30.36
K049,Håkon Solberg,man,norsk,majoritet,0950,øst,Høgskolen i Innlandet,1,2024,2003,Bachelor,2,1,3,"SQL, Power BI, Python",0,0,0,0,ingen,"motorsykkel, klatring, hagearbeid",0.0
K050,Fadumo Hussein,woman,somalisk,minoritet,0988,øst,OsloMet,2,2017,1996,Bachelor,8,1,7,"SQL, Power BI, Python, DAX, datamodellering, datakvalitet, Power Query",0,1,0,14,uforklart,"strikking, bokklubb, matlaging",52.53
K051,Marte Solberg,woman,norsk,majoritet,0244,vest,Universitetet i Oslo,3,2023,2000,Master,2,1,3,"SQL, Power BI, Python",1,0,0,14,foreldrepermisjon,"keramikk, hagearbeid, strikking",9.64
K052,Torstein Aas,man,norsk,majoritet,0378,vest,Universitetet i Oslo,3,2016,1995,Bachelor,10,4,5,"SQL, Power BI, Python, DAX, datamodellering",0,1,1,0,ingen,"gitar i band, løping, motorsykkel",63.01
K053,Håkon Solberg,man,norsk,majoritet,0772,vest,NMBU,2,2016,1993,Master,9,3,8,"SQL, Power BI, Python, DAX, datamodellering, datakvalitet, Power Query, Snowflake",0,0,0,14,uforklart,"fotball, snowboard, løping",70.72
K054,Magnus Lie,man,norsk,majoritet,0244,vest,OsloMet,2,2015,1994,Bachelor,11,4,5,"SQL, Power BI, Python, DAX, datamodellering",0,0,0,0,ingen,"løping, klatring, jakt",58.92
K055,Hodan Farah,woman,somalisk,minoritet,0950,øst,NMBU,2,2014,1993,Bachelor,12,4,6,"SQL, Power BI, Python, DAX, datamodellering, datakvalitet",1,0,0,0,ingen,"keramikk, løping, bokklubb",71.08
K056,Marte Nordby,woman,norsk,majoritet,0375,vest,Universitetet i Bergen,3,2014,1993,Bachelor,12,2,5,"SQL, Power BI, Python, DAX, datamodellering",1,1,1,0,ingen,"strikking, bokklubb, fotografering",68.07
K057,Ubah Hussein,woman,somalisk,minoritet,1067,øst,NMBU,2,2023,2002,Bachelor,2,1,4,"SQL, Power BI, Python, DAX",0,0,0,10,uforklart,"løping, håndball, keramikk",5.42
K058,Jonas Lie,man,norsk,majoritet,0287,vest,Universitetet i Oslo,3,2019,1996,Master,6,1,6,"SQL, Power BI, Python, DAX, datamodellering, datakvalitet",2,0,1,12,foreldrepermisjon,"brettspill, snowboard, matlaging",49.28
K059,Ola Berge,man,norsk,majoritet,0772,vest,Universitetet i Oslo,3,2018,1995,Master,8,2,6,"SQL, Power BI, Python, DAX, datamodellering, datakvalitet",0,0,0,0,ingen,"løping, gitar i band, jakt",52.53
K060,Jonas Haugen,man,norsk,majoritet,0669,øst,Høgskulen på Vestlandet,1,2021,1998,Master,5,2,7,"SQL, Power BI, Python, DAX, datamodellering, datakvalitet, Power Query",0,0,0,0,ingen,"klatring, fotball, matlaging",44.94
K061,Magnus Vik,man,norsk,majoritet,0378,vest,OsloMet,2,2020,1997,Master,6,3,5,"SQL, Power BI, Python, DAX, datamodellering",2,0,0,0,ingen,"klatring, langrenn, jakt",46.27
K062,Eirik Vik,man,norsk,majoritet,0287,vest,NTNU,3,2024,2003,Bachelor,2,1,5,"SQL, Power BI, Python, DAX, datamodellering",0,0,1,0,ingen,"motorsykkel, jakt, langrenn",14.46
K063,Sana Rashid,woman,pakistansk,minoritet,0772,vest,NTNU,3,2017,1994,Master,9,2,4,"SQL, Power BI, Python, DAX",0,0,0,0,ingen,"keramikk, moderne dans, matlaging",46.02
K064,Katarzyna Kamińska,woman,polsk,minoritet,0244,vest,Høgskulen på Vestlandet,1,2019,1996,Master,6,1,3,"SQL, Power BI, Python",1,0,0,12,foreldrepermisjon,"korsang, bokklubb, langrenn",26.99
K065,Håkon Sæther,man,norsk,majoritet,0244,vest,OsloMet,2,2023,2002,Bachelor,3,1,7,"SQL, Power BI, Python, DAX, datamodellering, datakvalitet, Power Query",0,0,0,0,ingen,"jakt, brettspill, matlaging",26.02
K066,Even Nordby,man,norsk,majoritet,0286,vest,Universitetet i Bergen,3,2015,1992,Master,11,1,7,"SQL, Power BI, Python, DAX, datamodellering, datakvalitet, Power Query",1,1,0,0,ingen,"løping, gitar i band, jakt",75.18
K067,Ingrid Lie,woman,norsk,majoritet,0378,vest,Universitetet i Bergen,3,2014,1993,Bachelor,12,3,7,"SQL, Power BI, Python, DAX, datamodellering, datakvalitet, Power Query",0,0,0,0,ingen,"håndball, matlaging, strikking",71.08
K068,Ingrid Sæther,woman,norsk,majoritet,0244,vest,NMBU,2,2023,2002,Bachelor,3,1,4,"SQL, Power BI, Python, DAX",1,0,0,0,ingen,"keramikk, korsang, historiepodkaster",12.17
K069,Marte Berge,woman,norsk,majoritet,0375,vest,NMBU,2,2015,1994,Bachelor,9,3,5,"SQL, Power BI, Python, DAX, datamodellering",0,1,1,18,foreldrepermisjon,"håndball, fotografering, yoga",55.66
K070,Usman Rashid,man,pakistansk,minoritet,0682,øst,Handelshøyskolen BI,2,2018,1997,Bachelor,8,3,3,"SQL, Power BI, Python",1,0,0,0,ingen,"historiepodkaster, klatring, snowboard",34.46
K071,Jonas Sæther,man,norsk,majoritet,0375,vest,OsloMet,2,2015,1992,Master,11,3,3,"SQL, Power BI, Python",1,0,0,0,ingen,"fotball, snowboard, fotografering",54.7
K072,Magnus Aas,man,norsk,majoritet,0682,øst,Universitetet i Bergen,3,2024,2003,Bachelor,2,1,6,"SQL, Power BI, Python, DAX, datamodellering, datakvalitet",2,0,0,0,ingen,"matlaging, jakt, snowboard",21.08
K073,Hassan Warsame,man,somalisk,minoritet,1067,øst,Universitetet i Oslo,3,2014,1991,Master,12,2,7,"SQL, Power BI, Python, DAX, datamodellering, datakvalitet, Power Query",0,0,1,0,ingen,"motorsykkel, matlaging, brettspill",78.92
K074,Kashif Malik,man,pakistansk,minoritet,0663,øst,Universitetet i Sørøst-Norge,1,2018,1995,Master,8,2,5,"SQL, Power BI, Python, DAX, datamodellering",0,1,0,0,ingen,"langrenn, brettspill, jakt",51.93
K075,Jonas Vik,man,norsk,majoritet,0663,øst,Universitetet i Oslo,3,2019,1996,Master,7,3,5,"SQL, Power BI, Python, DAX, datamodellering",1,0,1,0,ingen,"motorsykkel, brettspill, langrenn",51.81
K076,Imran Khan,man,pakistansk,minoritet,0950,øst,Høgskulen på Vestlandet,1,2023,2002,Bachelor,3,1,6,"SQL, Power BI, Python, DAX, datamodellering, datakvalitet",1,0,1,0,ingen,"gitar i band, historiepodkaster, snowboard",26.63
K077,Kashif Rashid,man,pakistansk,minoritet,0988,øst,Høgskolen i Innlandet,1,2023,2000,Master,2,1,8,"SQL, Power BI, Python, DAX, datamodellering, datakvalitet, Power Query, Snowflake",1,0,1,12,foreldrepermisjon,"klatring, jakt, fotografering",40.36
K078,Ahmed Warsame,man,somalisk,minoritet,0669,øst,Universitetet i Bergen,3,2019,1998,Bachelor,7,3,7,"SQL, Power BI, Python, DAX, datamodellering, datakvalitet, Power Query",2,1,0,0,ingen,"historiepodkaster, motorsykkel, brettspill",59.04
K079,Sindre Berge,man,norsk,majoritet,0772,vest,Universitetet i Oslo,3,2017,1996,Bachelor,8,2,8,"SQL, Power BI, Python, DAX, datamodellering, datakvalitet, Power Query, Snowflake",1,1,0,12,foreldrepermisjon,"jakt, løping, motorsykkel",63.37
K080,Malin Berge,woman,norsk,majoritet,0682,øst,Høgskulen på Vestlandet,1,2015,1994,Bachelor,9,3,4,"SQL, Power BI, Python, DAX",0,0,1,18,uforklart,"løping, bokklubb, korsang",45.42
K081,Sadia Malik,woman,pakistansk,minoritet,1067,øst,Universitetet i Oslo,3,2021,2000,Bachelor,5,2,3,"SQL, Power BI, Python",1,0,0,0,ingen,"korsang, håndball, langrenn",18.43
K082,Ahmed Hussein,man,somalisk,minoritet,0663,øst,Universitetet i Oslo,3,2015,1994,Bachelor,11,3,5,"SQL, Power BI, Python, DAX, datamodellering",1,0,1,0,ingen,"gitar i band, motorsykkel, langrenn",61.93
K083,Håkon Lie,man,norsk,majoritet,0988,øst,Universitetet i Bergen,3,2022,1999,Master,4,1,8,"SQL, Power BI, Python, DAX, datamodellering, datakvalitet, Power Query, Snowflake",2,0,1,0,ingen,"snowboard, matlaging, fotball",51.45
K084,Mohamed Farah,man,somalisk,minoritet,0988,øst,OsloMet,2,2021,2000,Bachelor,4,2,4,"SQL, Power BI, Python, DAX",0,0,0,10,uforklart,"langrenn, snowboard, brettspill",17.11
K085,Piotr Lewandowski,man,polsk,minoritet,0669,øst,Universitetet i Oslo,3,2018,1997,Bachelor,8,2,6,"SQL, Power BI, Python, DAX, datamodellering, datakvalitet",0,1,0,0,ingen,"gitar i band, fotball, historiepodkaster",50.12
K086,Even Vik,man,norsk,majoritet,0950,øst,OsloMet,2,2023,2000,Master,3,1,7,"SQL, Power BI, Python, DAX, datamodellering, datakvalitet, Power Query",0,0,1,0,ingen,"klatring, fotball, løping",36.87
K087,Kristine Lie,woman,norsk,majoritet,0950,øst,OsloMet,2,2013,1990,Master,11,1,7,"SQL, Power BI, Python, DAX, datamodellering, datakvalitet, Power Query",2,0,0,18,uforklart,"moderne dans, langrenn, strikking",72.77
K088,Fadumo Farah,woman,somalisk,minoritet,0988,øst,NMBU,2,2018,1997,Bachelor,8,4,3,"SQL, Power BI, Python",0,0,0,0,ingen,"historiepodkaster, håndball, bokklubb",35.06
K089,Marte Bakken,woman,norsk,majoritet,0378,vest,NTNU,3,2014,1993,Bachelor,12,3,7,"SQL, Power BI, Python, DAX, datamodellering, datakvalitet, Power Query",2,0,0,0,ingen,"matlaging, yoga, strikking",75.9
K090,Sana Chaudhry,woman,pakistansk,minoritet,0669,øst,NMBU,2,2016,1993,Master,8,2,7,"SQL, Power BI, Python, DAX, datamodellering, datakvalitet, Power Query",1,1,0,18,uforklart,"strikking, korsang, matlaging",65.18
K091,Magdalena Zielińska,woman,polsk,minoritet,0988,øst,Høgskulen på Vestlandet,1,2017,1994,Master,9,2,7,"SQL, Power BI, Python, DAX, datamodellering, datakvalitet, Power Query",0,0,0,0,ingen,"yoga, langrenn, bokklubb",62.29
K092,Sindre Lie,man,norsk,majoritet,0286,vest,Universitetet i Agder,1,2019,1998,Bachelor,6,1,7,"SQL, Power BI, Python, DAX, datamodellering, datakvalitet, Power Query",0,0,0,14,uforklart,"brettspill, gitar i band, historiepodkaster",39.04
K093,Usman Malik,man,pakistansk,minoritet,0669,øst,Høgskolen i Innlandet,1,2014,1991,Master,12,3,4,"SQL, Power BI, Python, DAX",0,0,0,0,ingen,"gitar i band, fotball, hagearbeid",62.05
K094,Hanne Haugen,woman,norsk,majoritet,0286,vest,Universitetet i Oslo,3,2017,1996,Bachelor,7,1,6,"SQL, Power BI, Python, DAX, datamodellering, datakvalitet",0,1,0,18,uforklart,"moderne dans, hagearbeid, yoga",42.77
K095,Håkon Berge,man,norsk,majoritet,0244,vest,Høgskulen på Vestlandet,1,2022,1999,Master,4,2,4,"SQL, Power BI, Python, DAX",1,0,1,0,ingen,"motorsykkel, hagearbeid, snowboard",30.36
K096,Abdirahman Warsame,man,somalisk,minoritet,0682,øst,Universitetet i Sørøst-Norge,1,2023,2000,Master,3,1,7,"SQL, Power BI, Python, DAX, datamodellering, datakvalitet, Power Query",0,0,0,0,ingen,"motorsykkel, hagearbeid, jakt",33.25
K097,Ola Solberg,man,norsk,majoritet,1067,øst,Universitetet i Agder,1,2017,1994,Master,8,2,3,"SQL, Power BI, Python",1,0,0,10,uforklart,"fotball, fotografering, klatring",38.67
K098,Joanna Szymańska,woman,polsk,minoritet,0244,vest,NMBU,2,2020,1997,Master,5,1,5,"SQL, Power BI, Python, DAX, datamodellering",0,0,1,10,foreldrepermisjon,"strikking, korsang, historiepodkaster",34.7
K099,Hanne Berge,woman,norsk,majoritet,0772,vest,OsloMet,2,2019,1998,Bachelor,5,2,8,"SQL, Power BI, Python, DAX, datamodellering, datakvalitet, Power Query, Snowflake",2,0,1,18,uforklart,"moderne dans, korsang, løping",51.57
K100,Ahmed Aden,man,somalisk,minoritet,0669,øst,Handelshøyskolen BI,2,2022,2001,Bachelor,4,1,4,"SQL, Power BI, Python, DAX",0,0,0,0,ingen,"historiepodkaster, motorsykkel, jakt",14.1
K101,Vilde Rønning,woman,norsk,majoritet,0375,vest,NTNU,3,2018,1997,Bachelor,7,3,8,"SQL, Power BI, Python, DAX, datamodellering, datakvalitet, Power Query, Snowflake",1,1,0,14,foreldrepermisjon,"korsang, historiepodkaster, håndball",62.05
K102,Anders Vik,man,norsk,majoritet,0950,øst,Handelshøyskolen BI,2,2023,2000,Master,3,1,3,"SQL, Power BI, Python",0,0,0,0,ingen,"fotografering, jakt, klatring",11.57
K103,Kristine Haugen,woman,norsk,majoritet,0988,øst,Universitetet i Bergen,3,2014,1993,Bachelor,11,2,4,"SQL, Power BI, Python, DAX",1,0,0,10,uforklart,"strikking, løping, håndball",49.88
K104,Marcin Szymański,man,polsk,minoritet,0663,øst,OsloMet,2,2024,2003,Bachelor,2,1,3,"SQL, Power BI, Python",1,0,0,0,ingen,"fotball, historiepodkaster, klatring",2.41
K105,Magdalena Kowalska,woman,polsk,minoritet,0988,øst,Universitetet i Agder,1,2014,1993,Bachelor,11,4,8,"SQL, Power BI, Python, DAX, datamodellering, datakvalitet, Power Query, Snowflake",1,0,0,14,uforklart,"løping, korsang, håndball",77.59
K106,Rabia Khan,woman,pakistansk,minoritet,0287,vest,Universitetet i Oslo,3,2013,1990,Master,11,4,5,"SQL, Power BI, Python, DAX, datamodellering",1,0,0,18,uforklart,"bokklubb, strikking, hagearbeid",68.55
K107,Nadia Khan,woman,pakistansk,minoritet,0682,øst,Høgskulen på Vestlandet,1,2020,1997,Master,4,2,6,"SQL, Power BI, Python, DAX, datamodellering, datakvalitet",0,0,1,18,foreldrepermisjon,"keramikk, yoga, fotografering",38.8
K108,Bilal Butt,man,pakistansk,minoritet,0669,øst,Høgskolen i Innlandet,1,2017,1994,Master,8,2,4,"SQL, Power BI, Python, DAX",2,0,1,14,foreldrepermisjon,"brettspill, matlaging, gitar i band",50.12
K109,Ingrid Aas,woman,norsk,majoritet,0375,vest,Universitetet i Bergen,3,2023,2002,Bachelor,3,1,5,"SQL, Power BI, Python, DAX, datamodellering",0,0,0,0,ingen,"matlaging, strikking, moderne dans",15.18
K110,Piotr Lewandowski,man,polsk,minoritet,0378,vest,Universitetet i Oslo,3,2021,1998,Master,5,2,4,"SQL, Power BI, Python, DAX",2,0,1,0,ingen,"jakt, løping, fotball",37.11
K111,Vilde Solberg,woman,norsk,majoritet,0286,vest,NMBU,2,2024,2001,Master,2,1,7,"SQL, Power BI, Python, DAX, datamodellering, datakvalitet, Power Query",1,0,1,0,ingen,"keramikk, hagearbeid, håndball",34.94
K112,Sana Malik,woman,pakistansk,minoritet,0682,øst,Universitetet i Sørøst-Norge,1,2017,1994,Master,9,3,8,"SQL, Power BI, Python, DAX, datamodellering, datakvalitet, Power Query, Snowflake",0,1,0,0,ingen,"keramikk, strikking, hagearbeid",75.54
K113,Krzysztof Szymański,man,polsk,minoritet,0682,øst,NMBU,2,2021,2000,Bachelor,5,2,7,"SQL, Power BI, Python, DAX, datamodellering, datakvalitet, Power Query",1,0,1,0,ingen,"hagearbeid, fotball, snowboard",43.73
K114,Astrid Aas,woman,norsk,majoritet,0244,vest,Universitetet i Bergen,3,2022,1999,Master,3,1,8,"SQL, Power BI, Python, DAX, datamodellering, datakvalitet, Power Query, Snowflake",0,0,0,14,foreldrepermisjon,"keramikk, moderne dans, fotografering",38.67
K115,Even Nordby,man,norsk,majoritet,0950,øst,Høgskulen på Vestlandet,1,2023,2000,Master,3,1,8,"SQL, Power BI, Python, DAX, datamodellering, datakvalitet, Power Query, Snowflake",2,0,0,0,ingen,"klatring, fotball, matlaging",43.49
K116,Grzegorz Lewandowski,man,polsk,minoritet,0287,vest,NTNU,3,2015,1992,Master,11,2,7,"SQL, Power BI, Python, DAX, datamodellering, datakvalitet, Power Query",0,0,0,0,ingen,"historiepodkaster, brettspill, gitar i band",70.96
K117,Piotr Lewandowski,man,polsk,minoritet,0682,øst,OsloMet,2,2023,2002,Bachelor,3,1,5,"SQL, Power BI, Python, DAX, datamodellering",0,0,0,0,ingen,"gitar i band, brettspill, løping",15.18
K118,Ubah Farah,woman,somalisk,minoritet,0663,øst,Høgskulen på Vestlandet,1,2021,1998,Master,4,1,7,"SQL, Power BI, Python, DAX, datamodellering, datakvalitet, Power Query",0,0,0,10,foreldrepermisjon,"bokklubb, yoga, løping",37.59
K119,Nadia Khan,woman,pakistansk,minoritet,0988,øst,Handelshøyskolen BI,2,2015,1994,Bachelor,11,4,8,"SQL, Power BI, Python, DAX, datamodellering, datakvalitet, Power Query, Snowflake",1,0,1,0,ingen,"moderne dans, håndball, langrenn",81.2
K120,Malin Solberg,woman,norsk,majoritet,0286,vest,Universitetet i Bergen,3,2019,1996,Master,7,1,3,"SQL, Power BI, Python",0,1,0,0,ingen,"bokklubb, matlaging, korsang",33.73
K121,Sagal Farah,woman,somalisk,minoritet,0663,øst,Universitetet i Sørøst-Norge,1,2015,1994,Bachelor,11,2,3,"SQL, Power BI, Python",0,0,0,0,ingen,"moderne dans, historiepodkaster, korsang",42.05
K122,Marte Lie,woman,norsk,majoritet,0378,vest,NMBU,2,2016,1995,Bachelor,9,3,5,"SQL, Power BI, Python, DAX, datamodellering",0,1,0,10,foreldrepermisjon,"yoga, hagearbeid, korsang",52.05
K123,Sagal Jama,woman,somalisk,minoritet,0669,øst,Høgskolen i Innlandet,1,2020,1997,Master,6,2,6,"SQL, Power BI, Python, DAX, datamodellering, datakvalitet",1,0,1,0,ingen,"keramikk, fotografering, moderne dans",49.88
K124,Astrid Aas,woman,norsk,majoritet,0244,vest,Høgskolen i Innlandet,1,2016,1993,Master,10,4,8,"SQL, Power BI, Python, DAX, datamodellering, datakvalitet, Power Query, Snowflake",0,1,0,0,ingen,"yoga, bokklubb, fotografering",82.89
K125,Hassan Farah,man,somalisk,minoritet,0950,øst,NMBU,2,2020,1999,Bachelor,6,3,7,"SQL, Power BI, Python, DAX, datamodellering, datakvalitet, Power Query",0,0,0,0,ingen,"brettspill, løping, snowboard",45.06
K126,Håkon Bakken,man,norsk,majoritet,0286,vest,Universitetet i Oslo,3,2021,2000,Bachelor,3,1,3,"SQL, Power BI, Python",1,0,0,18,foreldrepermisjon,"motorsykkel, fotball, historiepodkaster",6.75
K127,Vilde Lie,woman,norsk,majoritet,0669,øst,OsloMet,2,2019,1998,Bachelor,7,2,5,"SQL, Power BI, Python, DAX, datamodellering",0,0,1,0,ingen,"bokklubb, moderne dans, løping",39.16
K128,Ingrid Solberg,woman,norsk,majoritet,0772,vest,NTNU,3,2014,1991,Master,10,1,6,"SQL, Power BI, Python, DAX, datamodellering, datakvalitet",0,0,0,18,foreldrepermisjon,"keramikk, strikking, matlaging",58.19
K129,Malin Nordby,woman,norsk,majoritet,1067,øst,NMBU,2,2018,1995,Master,8,4,8,"SQL, Power BI, Python, DAX, datamodellering, datakvalitet, Power Query, Snowflake",0,0,0,0,ingen,"moderne dans, håndball, løping",69.4
K130,Grzegorz Lewandowski,man,polsk,minoritet,0669,øst,Høgskulen på Vestlandet,1,2016,1995,Bachelor,10,1,8,"SQL, Power BI, Python, DAX, datamodellering, datakvalitet, Power Query, Snowflake",0,0,1,0,ingen,"motorsykkel, hagearbeid, gitar i band",65.42
K131,Ahmed Hussein,man,somalisk,minoritet,0682,øst,Høgskulen på Vestlandet,1,2017,1994,Master,9,1,8,"SQL, Power BI, Python, DAX, datamodellering, datakvalitet, Power Query, Snowflake",1,0,1,0,ingen,"klatring, løping, brettspill",70.72
K132,Ahmed Osman,man,somalisk,minoritet,0682,øst,Universitetet i Bergen,3,2024,2003,Bachelor,2,1,5,"SQL, Power BI, Python, DAX, datamodellering",0,0,0,0,ingen,"hagearbeid, gitar i band, jakt",10.84
K133,Marcin Zieliński,man,polsk,minoritet,0244,vest,Universitetet i Bergen,3,2018,1997,Bachelor,8,4,8,"SQL, Power BI, Python, DAX, datamodellering, datakvalitet, Power Query, Snowflake",1,1,0,0,ingen,"jakt, hagearbeid, snowboard",69.4
K134,Agnieszka Zielińska,woman,polsk,minoritet,0950,øst,Universitetet i Oslo,3,2017,1994,Master,8,1,8,"SQL, Power BI, Python, DAX, datamodellering, datakvalitet, Power Query, Snowflake",0,0,0,12,foreldrepermisjon,"historiepodkaster, yoga, korsang",60.36
K135,Eirik Haugen,man,norsk,majoritet,0286,vest,NTNU,3,2015,1992,Master,11,4,4,"SQL, Power BI, Python, DAX",0,0,0,0,ingen,"jakt, motorsykkel, matlaging",60.72
K136,Tomasz Zieliński,man,polsk,minoritet,0244,vest,Universitetet i Oslo,3,2024,2001,Master,2,1,3,"SQL, Power BI, Python",0,0,0,0,ingen,"fotball, motorsykkel, langrenn",7.23
K137,Sana Chaudhry,woman,pakistansk,minoritet,1067,øst,Universitetet i Sørøst-Norge,1,2018,1995,Master,8,3,8,"SQL, Power BI, Python, DAX, datamodellering, datakvalitet, Power Query, Snowflake",1,0,1,0,ingen,"håndball, løping, yoga",72.41
K138,Hodan Jama,woman,somalisk,minoritet,0286,vest,OsloMet,2,2016,1993,Master,10,1,6,"SQL, Power BI, Python, DAX, datamodellering, datakvalitet",2,0,1,0,ingen,"yoga, bokklubb, fotografering",66.63
K139,Tomasz Nowak,man,polsk,minoritet,0950,øst,Universitetet i Agder,1,2020,1999,Bachelor,6,3,6,"SQL, Power BI, Python, DAX, datamodellering, datakvalitet",1,0,0,0,ingen,"langrenn, klatring, fotball",42.05
K140,Sagal Warsame,woman,somalisk,minoritet,0669,øst,Handelshøyskolen BI,2,2020,1997,Master,6,1,3,"SQL, Power BI, Python",0,0,0,0,ingen,"håndball, langrenn, moderne dans",24.58
K141,Kristine Vik,woman,norsk,majoritet,0287,vest,Høgskulen på Vestlandet,1,2021,1998,Master,5,1,8,"SQL, Power BI, Python, DAX, datamodellering, datakvalitet, Power Query, Snowflake",0,0,1,0,ingen,"bokklubb, korsang, historiepodkaster",50.96
K142,Håkon Sæther,man,norsk,majoritet,0287,vest,Handelshøyskolen BI,2,2022,2001,Bachelor,3,1,7,"SQL, Power BI, Python, DAX, datamodellering, datakvalitet, Power Query",1,0,1,10,foreldrepermisjon,"fotografering, motorsykkel, jakt",32.05
K143,Vilde Lie,woman,norsk,majoritet,0286,vest,NTNU,3,2015,1992,Master,11,1,3,"SQL, Power BI, Python",0,0,0,0,ingen,"yoga, bokklubb, fotografering",46.27
K144,Håkon Bakken,man,norsk,majoritet,0244,vest,NTNU,3,2023,2000,Master,2,1,7,"SQL, Power BI, Python, DAX, datamodellering, datakvalitet, Power Query",2,0,0,10,foreldrepermisjon,"fotografering, jakt, snowboard",33.73
K145,Even Solberg,man,norsk,majoritet,0375,vest,Høgskulen på Vestlandet,1,2018,1997,Bachelor,7,2,8,"SQL, Power BI, Python, DAX, datamodellering, datakvalitet, Power Query, Snowflake",1,0,1,10,uforklart,"løping, fotball, brettspill",57.83
K146,Sana Khan,woman,pakistansk,minoritet,0772,vest,Handelshøyskolen BI,2,2019,1996,Master,7,3,7,"SQL, Power BI, Python, DAX, datamodellering, datakvalitet, Power Query",0,0,1,0,ingen,"bokklubb, historiepodkaster, korsang",60.24
K147,Kaja Berge,woman,norsk,majoritet,0772,vest,Universitetet i Bergen,3,2017,1996,Bachelor,7,2,7,"SQL, Power BI, Python, DAX, datamodellering, datakvalitet, Power Query",1,1,0,18,foreldrepermisjon,"yoga, korsang, langrenn",53.61
K148,Ayesha Khan,woman,pakistansk,minoritet,0950,øst,Universitetet i Sørøst-Norge,1,2024,2001,Master,2,1,4,"SQL, Power BI, Python, DAX",1,0,0,0,ingen,"matlaging, bokklubb, strikking",15.06
K149,Fadumo Farah,woman,somalisk,minoritet,0988,øst,Universitetet i Sørøst-Norge,1,2016,1993,Master,9,1,4,"SQL, Power BI, Python, DAX",1,1,0,14,uforklart,"hagearbeid, moderne dans, håndball",50.24
K150,Rabia Rashid,woman,pakistansk,minoritet,0682,øst,Handelshøyskolen BI,2,2022,2001,Bachelor,4,1,3,"SQL, Power BI, Python",1,0,0,0,ingen,"håndball, bokklubb, løping",11.08
