applicant_id,name,gender,name_origin,name_group,zip_code,bydel,university,institution_tier,grad_year,birth_year,education,years_experience,past_roles,skills_matched,skills,certifications,leadership,sector_experience,employment_gap_months,gap_framing,interests,true_merit,_par_id,_manipulasjon,_arm
P01a,Tone Berge,woman,norsk,majoritet,1067,øst,NMBU,2,2016,1995,Bachelor,10,4,6,"SQL, Power BI, Python, DAX, datamodellering, datakvalitet",1,1,0,0,ingen,"korsang, keramikk, historiepodkaster",67.23,P01,navn_etnisitet,a
P01b,Agnieszka Kowalska,woman,polsk,minoritet,1067,øst,NMBU,2,2016,1995,Bachelor,10,4,6,"SQL, Power BI, Python, DAX, datamodellering, datakvalitet",1,1,0,0,ingen,"korsang, keramikk, historiepodkaster",67.23,P01,navn_etnisitet,b
P02a,Silje Vik,woman,norsk,majoritet,0287,vest,Universitetet i Bergen,3,2015,1994,Bachelor,11,3,4,"SQL, Power BI, Python, DAX",0,0,1,0,ingen,"historiepodkaster, moderne dans, keramikk",54.1,P02,navn_kjonn,a
P02b,Anders Vik,man,norsk,majoritet,0287,vest,Universitetet i Bergen,3,2015,1994,Bachelor,11,3,4,"SQL, Power BI, Python, DAX",0,0,1,0,ingen,"historiepodkaster, moderne dans, keramikk",54.1,P02,navn_kjonn,b
P03a,Kristine Haugen,woman,norsk,majoritet,0286,vest,Universitetet i Sørøst-Norge,1,2018,1997,Bachelor,7,2,3,"SQL, Power BI, Python",0,0,0,12,uforklart,"matlaging, strikking, håndball",24.7,P03,hull_ramme,a
P03b,Kristine Haugen,woman,norsk,majoritet,0286,vest,Universitetet i Sørøst-Norge,1,2018,1997,Bachelor,7,2,3,"SQL, Power BI, Python",0,0,0,12,foreldrepermisjon,"matlaging, strikking, håndball",24.7,P03,hull_ramme,b
P04a,Vilde Lie,woman,norsk,majoritet,0287,vest,NTNU,3,2022,2001,Bachelor,2,1,3,"SQL, Power BI, Python",1,0,0,18,foreldrepermisjon,"moderne dans, strikking, hagearbeid",2.41,P04,navn_etnisitet,a
P04b,Joanna Kamińska,woman,polsk,minoritet,0287,vest,NTNU,3,2022,2001,Bachelor,2,1,3,"SQL, Power BI, Python",1,0,0,18,foreldrepermisjon,"moderne dans, strikking, hagearbeid",2.41,P04,navn_etnisitet,b
P05a,Marte Aas,woman,norsk,majoritet,0378,vest,Høgskolen i Innlandet,1,2017,1994,Master,7,3,3,"SQL, Power BI, Python",2,0,1,18,foreldrepermisjon,"korsang, yoga, historiepodkaster",43.37,P05,navn_kjonn,a
P05b,Magnus Aas,man,norsk,majoritet,0378,vest,Høgskolen i Innlandet,1,2017,1994,Master,7,3,3,"SQL, Power BI, Python",2,0,1,18,foreldrepermisjon,"korsang, yoga, historiepodkaster",43.37,P05,navn_kjonn,b
P06a,Håkon Aas,man,norsk,majoritet,1067,øst,OsloMet,2,2019,1996,Master,7,3,8,"SQL, Power BI, Python, DAX, datamodellering, datakvalitet, Power Query, Snowflake",2,1,0,12,uforklart,"gitar i band, løping, klatring",71.69,P06,hull_ramme,a
P06b,Håkon Aas,man,norsk,majoritet,1067,øst,OsloMet,2,2019,1996,Master,7,3,8,"SQL, Power BI, Python, DAX, datamodellering, datakvalitet, Power Query, Snowflake",2,1,0,12,foreldrepermisjon,"gitar i band, løping, klatring",71.69,P06,hull_ramme,b
P07a,Vilde Solberg,woman,norsk,majoritet,0669,øst,OsloMet,2,2015,1994,Bachelor,10,3,8,"SQL, Power BI, Python, DAX, datamodellering, datakvalitet, Power Query, Snowflake",1,0,1,12,uforklart,"korsang, bokklubb, langrenn",73.86,P07,navn_etnisitet,a
P07b,Karolina Lewandowska,woman,polsk,minoritet,0669,øst,OsloMet,2,2015,1994,Bachelor,10,3,8,"SQL, Power BI, Python, DAX, datamodellering, datakvalitet, Power Query, Snowflake",1,0,1,12,uforklart,"korsang, bokklubb, langrenn",73.86,P07,navn_etnisitet,b
P08a,Torstein Bakken,man,norsk,majoritet,0375,vest,Universitetet i Oslo,3,2014,1993,Bachelor,11,4,7,"SQL, Power BI, Python, DAX, datamodellering, datakvalitet, Power Query",1,0,1,14,uforklart,"gitar i band, fotball, fotografering",75.78,P08,navn_kjonn,a
P08b,Ingrid Bakken,woman,norsk,majoritet,0375,vest,Universitetet i Oslo,3,2014,1993,Bachelor,11,4,7,"SQL, Power BI, Python, DAX, datamodellering, datakvalitet, Power Query",1,0,1,14,uforklart,"gitar i band, fotball, fotografering",75.78,P08,navn_kjonn,b
P09a,Hanne Nordby,woman,norsk,majoritet,0663,øst,Universitetet i Oslo,3,2016,1993,Master,9,4,4,"SQL, Power BI, Python, DAX",0,0,0,12,uforklart,"hagearbeid, yoga, håndball",52.05,P09,hull_ramme,a
P09b,Hanne Nordby,woman,norsk,majoritet,0663,øst,Universitetet i Oslo,3,2016,1993,Master,9,4,4,"SQL, Power BI, Python, DAX",0,0,0,12,foreldrepermisjon,"hagearbeid, yoga, håndball",52.05,P09,hull_ramme,b
P10a,Sindre Solberg,man,norsk,majoritet,0375,vest,Universitetet i Bergen,3,2023,2000,Master,3,1,7,"SQL, Power BI, Python, DAX, datamodellering, datakvalitet, Power Query",0,0,0,0,ingen,"hagearbeid, klatring, fotball",33.25,P10,navn_etnisitet,a
P10b,Tomasz Kowalski,man,polsk,minoritet,0375,vest,Universitetet i Bergen,3,2023,2000,Master,3,1,7,"SQL, Power BI, Python, DAX, datamodellering, datakvalitet, Power Query",0,0,0,0,ingen,"hagearbeid, klatring, fotball",33.25,P10,navn_etnisitet,b
P11a,Vilde Solberg,woman,norsk,majoritet,0378,vest,NMBU,2,2018,1997,Bachelor,6,2,6,"SQL, Power BI, Python, DAX, datamodellering, datakvalitet",1,0,1,18,uforklart,"strikking, korsang, hagearbeid",42.65,P11,navn_kjonn,a
P11b,Anders Solberg,man,norsk,majoritet,0378,vest,NMBU,2,2018,1997,Bachelor,6,2,6,"SQL, Power BI, Python, DAX, datamodellering, datakvalitet",1,0,1,18,uforklart,"strikking, korsang, hagearbeid",42.65,P11,navn_kjonn,b
P12a,Hanne Solberg,woman,norsk,majoritet,0287,vest,Universitetet i Bergen,3,2016,1995,Bachelor,10,2,8,"SQL, Power BI, Python, DAX, datamodellering, datakvalitet, Power Query, Snowflake",1,0,0,12,uforklart,"yoga, langrenn, håndball",67.23,P12,hull_ramme,a
P12b,Hanne Solberg,woman,norsk,majoritet,0287,vest,Universitetet i Bergen,3,2016,1995,Bachelor,10,2,8,"SQL, Power BI, Python, DAX, datamodellering, datakvalitet, Power Query, Snowflake",1,0,0,12,foreldrepermisjon,"yoga, langrenn, håndball",67.23,P12,hull_ramme,b
P13a,Malin Aas,woman,norsk,majoritet,0663,øst,NMBU,2,2020,1999,Bachelor,6,1,5,"SQL, Power BI, Python, DAX, datamodellering",0,0,0,0,ingen,"løping, keramikk, korsang",28.19,P13,navn_etnisitet,a
P13b,Magdalena Kamińska,woman,polsk,minoritet,0663,øst,NMBU,2,2020,1999,Bachelor,6,1,5,"SQL, Power BI, Python, DAX, datamodellering",0,0,0,0,ingen,"løping, keramikk, korsang",28.19,P13,navn_etnisitet,b
P14a,Lars Rønning,man,norsk,majoritet,0378,vest,Universitetet i Oslo,3,2014,1991,Master,11,3,5,"SQL, Power BI, Python, DAX, datamodellering",2,1,1,10,uforklart,"motorsykkel, matlaging, snowboard",76.39,P14,navn_kjonn,a
P14b,Malin Rønning,woman,norsk,majoritet,0378,vest,Universitetet i Oslo,3,2014,1991,Master,11,3,5,"SQL, Power BI, Python, DAX, datamodellering",2,1,1,10,uforklart,"motorsykkel, matlaging, snowboard",76.39,P14,navn_kjonn,b
P15a,Marte Vik,woman,norsk,majoritet,0669,øst,Universitetet i Sørøst-Norge,1,2016,1993,Master,9,3,6,"SQL, Power BI, Python, DAX, datamodellering, datakvalitet",1,1,1,12,uforklart,"håndball, strikking, langrenn",70.72,P15,hull_ramme,a
P15b,Marte Vik,woman,norsk,majoritet,0669,øst,Universitetet i Sørøst-Norge,1,2016,1993,Master,9,3,6,"SQL, Power BI, Python, DAX, datamodellering, datakvalitet",1,1,1,12,foreldrepermisjon,"håndball, strikking, langrenn",70.72,P15,hull_ramme,b
P16a,Ingrid Rønning,woman,norsk,majoritet,0287,vest,NMBU,2,2020,1999,Bachelor,6,2,5,"SQL, Power BI, Python, DAX, datamodellering",0,0,1,0,ingen,"korsang, keramikk, fotografering",34.82,P16,navn_etnisitet,a
P16b,Joanna Wójcik,woman,polsk,minoritet,0287,vest,NMBU,2,2020,1999,Bachelor,6,2,5,"SQL, Power BI, Python, DAX, datamodellering",0,0,1,0,ingen,"korsang, keramikk, fotografering",34.82,P16,navn_etnisitet,b
P17a,Sindre Solberg,man,norsk,majoritet,0287,vest,Universitetet i Oslo,3,2018,1997,Bachelor,8,2,7,"SQL, Power BI, Python, DAX, datamodellering, datakvalitet, Power Query",1,0,0,0,ingen,"brettspill, langrenn, klatring",53.13,P17,navn_kjonn,a
P17b,Astrid Solberg,woman,norsk,majoritet,0287,vest,Universitetet i Oslo,3,2018,1997,Bachelor,8,2,7,"SQL, Power BI, Python, DAX, datamodellering, datakvalitet, Power Query",1,0,0,0,ingen,"brettspill, langrenn, klatring",53.13,P17,navn_kjonn,b
P18a,Tone Haugen,woman,norsk,majoritet,0950,øst,NMBU,2,2016,1995,Bachelor,8,1,6,"SQL, Power BI, Python, DAX, datamodellering, datakvalitet",2,0,1,12,uforklart,"yoga, løping, strikking",50.72,P18,hull_ramme,a
P18b,Tone Haugen,woman,norsk,majoritet,0950,øst,NMBU,2,2016,1995,Bachelor,8,1,6,"SQL, Power BI, Python, DAX, datamodellering, datakvalitet",2,0,1,12,foreldrepermisjon,"yoga, løping, strikking",50.72,P18,hull_ramme,b
P19a,Torstein Aas,man,norsk,majoritet,0950,øst,NTNU,3,2016,1993,Master,9,4,6,"SQL, Power BI, Python, DAX, datamodellering, datakvalitet",0,0,0,14,foreldrepermisjon,"jakt, fotball, fotografering",62.89,P19,navn_etnisitet,a
P19b,Piotr Kowalski,man,polsk,minoritet,0950,øst,NTNU,3,2016,1993,Master,9,4,6,"SQL, Power BI, Python, DAX, datamodellering, datakvalitet",0,0,0,14,foreldrepermisjon,"jakt, fotball, fotografering",62.89,P19,navn_etnisitet,b
P20a,Even Berge,man,norsk,majoritet,0287,vest,Universitetet i Oslo,3,2022,2001,Bachelor,4,1,8,"SQL, Power BI, Python, DAX, datamodellering, datakvalitet, Power Query, Snowflake",0,0,1,0,ingen,"hagearbeid, gitar i band, brettspill",39.4,P20,navn_kjonn,a
P20b,Malin Berge,woman,norsk,majoritet,0287,vest,Universitetet i Oslo,3,2022,2001,Bachelor,4,1,8,"SQL, Power BI, Python, DAX, datamodellering, datakvalitet, Power Query, Snowflake",0,0,1,0,ingen,"hagearbeid, gitar i band, brettspill",39.4,P20,navn_kjonn,b
